Escola,n,pct_defasado,inde,ida
Universidade Santo Amaro (UNISA),32,0.0,,
Colégio Arco Íris Evolução,85,11.0,8.39,7.78
EE Maria André Schunck Dona,100,42.0,7.16,5.71
EE Leonice de Aquino Oliveira,52,48.0,7.02,5.45
EE João Ortiz Rodrigues,60,52.0,6.79,5.5
EE Alexandre Rodrigues Nogueira,38,53.0,6.74,4.86
EE Donizetti Aparecido Leite Professor,109,53.0,6.95,5.2
EE Helio Luiz Dobrochinski Prof,71,54.0,7.94,7.46
EE Paschoal Carlos Magno,49,55.0,7.21,5.98
EE Dom Pedro Villas Boas de Souza,85,56.0,7.81,7.64
EE Mario Francisco de Amorim,25,56.0,6.85,5.23
EE Luiz Schunck,36,56.0,7.43,6.76
EM Maria Ignez Concelles Irma Ines,32,59.0,7.52,6.83
EE Joaquim Mendes Feliz,51,65.0,7.48,6.54
EM Cecilia Cristina de Oliveira Rodrigues,59,66.0,7.06,5.58
